Country Name,Country Code,"2016 [YR2016] - Access to electricity, rural (% of rural population) [EG.ELC.ACCS.RU.ZS]",2016 [YR2016] - Government Effectiveness: Estimate [GE.EST],"2016 [YR2016] - GDP per capita, PPP (current international $) [NY.GDP.PCAP.PP.CD]",2016 [YR2016] - Electric power transmission and distribution losses (% of output) [EG.ELC.LOSS.ZS],"2016 [YR2016] - Access to electricity, urban (% of urban population) [EG.ELC.ACCS.UR.ZS]",2016 [YR2016] - Access to electricity (% of population) [EG.ELC.ACCS.ZS],2016 [YR2016] - Rural population (% of total population) [SP.RUR.TOTL.ZS],2016 [YR2016] - Urban population (% of total population) [SP.URB.TOTL.IN.ZS],2016 [YR2016] - Population density (people per sq. km of land area) [EN.POP.DNST]
Afghanistan,AFG,97.1,-1.29146802425385,2213.1814410479,..,99.5,97.7,75.3411654279874,24.6588345720126,53.2030296061205
Albania,ALB,99.7,0.0290823616087437,13055.8417473139,25.751734772552,100,99.9,44.4261265535724,55.5738734464276,98.155802919708
Algeria,DZA,98.3,-0.464708805084229,13437.8460232169,15.0457061565982,99.9,99.4,29.2646221736149,70.7353778263851,17.1516218598076
American Samoa,ASM,..,0.482561141252518,..,..,..,..,15.7137175610939,84.2862824389061,261.225
Andorra,AND,100,1.80540561676025,53110.1426263211,..,100,100,11.4972545365147,88.5027454634853,153.576595744681
Angola,AGO,..,-0.971493542194366,7766.83787525546,11.2669600293363,67.9,41.8,35.7007697482011,64.2992302517989,23.4082537900056
Antigua and Barbuda,ATG,100,0.217992216348648,21320.4375067809,..,100,100,75.0760192528345,24.9239807471655,204.475
Argentina,ARG,99.3,0.218796372413635,20105.761359796,13.8785491101752,100,99.9,8.4143182771783,91.5856817228217,16.0413905118958
Armenia,ARM,99.8,-0.31255441904068,10570.2720413936,9.6514012303486,99.8,99.8,35.4071246654684,64.5928753345316,105.103617843344
Aruba,ABW,100,0.852905750274658,36117.5352619835,..,100,100,36.9922119428858,63.0077880571142,604.038888888889
Australia,AUS,100,1.53218841552734,47446.2103030951,3.93758129463903,100,100,12.9833704750765,87.0166295249235,3.14493553058884
Austria,AUT,100,1.47481060028076,52397.8635176674,4.88815365696551,100,100,32.2781938076444,67.7218061923556,105.873339796413
Azerbaijan,AZE,100,-0.159376382827759,14535.8020210633,9.41808271882014,100,100,44.2425202794734,55.7574797205266,118.033288980283
"Bahamas, The",BHS,100,0.682434141635895,32285.2760366069,..,100,100,17.8215621429272,82.1784378570728,38.7667332667333
Bahrain,BHR,100,0.273154228925705,47428.9018907649,2.40617327253595,100,100,0,100,1827.63286264442
Bangladesh,BGD,66.1,-0.705847561359406,4579.13228682862,9.29153495925529,94,75.9,70.1246084482035,29.8753915517965,1235.3993393255
Barbados,BRB,100,1.04390239715576,19175.570190422,..,100,100,40.7489744698847,59.2510255301153,650.227906976744
Belarus,BLR,94.7,-0.513944447040558,17832.4778855815,8.56819400583924,99,98,23.1541290283203,76.8458709716797,46.6499448243246
Belgium,BEL,100,1.39763832092285,48414.5518065681,4.58729528304091,100,100,13.5492209020355,86.4507790979645,373.567467774371
Belize,BLZ,89.4,-0.635813772678375,9399.03567052789,..,97.9,93.3,56.3234485690789,43.6765514309211,15.9888206926786
Benin,BEN,15.2,-0.625652372837067,2842.0246258376,..,62.5,37,53.3905440993336,46.6094559006664,103.741060659808
Bermuda,BMU,100,1.27626776695251,80412.1834895484,..,100,100,0,100,1174.98148148148
Bhutan,BTN,99,0.498982816934586,11273.2823807676,..,99.9,99.3,62.7254765358593,37.2745234641407,19.6063863255034
Bolivia,BOL,74.9,-0.600444853305817,9242.02728323599,8.59568067046309,99.5,91.8,31.2553672123053,68.7446327876947,10.3203360103388
Bosnia and Herzegovina,BIH,100,-0.452135771512985,12899.3962262974,7.64338380142962,100,100,51.9751154247618,48.0248845752382,67.83208984375
Botswana,BWA,28.8,0.497389316558838,16228.1231235664,20.958751393534,80.9,64.2,34.3050703145101,65.6949296854899,3.94328163322923
Brazil,BRA,98.5,-0.249387070536613,14309.2061488342,16.8239252003806,99.9,99.7,14.0512951551892,85.9487048448108,24.3137963709629
British Virgin Islands,VGB,100,..,..,..,100,100,49.8199381357578,50.1800618642422,225.853333333333
Brunei Darussalam,BRN,100,1.04869890213013,56679.5185221407,5.66744730679157,100,100,25.1183929443359,74.8816070556641,81.1316888045541
Bulgaria,BGR,94.2,0.0888326391577721,20745.8472094399,7.89990945029705,98.4,97.3,26.8249969482422,73.1750030517578,63.5053334561533
Burkina Faso,BFA,..,-0.638990938663483,1881.75893134407,14.8319814600232,59.7,16.6,74.178489627999,25.821510372001,70.6683333333333
Burundi,BDI,1.5,-1.48436272144318,764.282221636916,..,57.6,8.5,84.3819094364506,15.6180905635494,437.673325545171
Cabo Verde,CPV,78.8,0.113703817129135,7350.75358726727,..,92.3,87.5,31.9645921641684,68.0354078358316,127.184615384615
Cambodia,KHM,60.7,-0.741827428340912,4748.12428521528,16.1046111493462,96.3,68.8,67.5232563961976,32.4767436038024,89.8074042601405
Cameroon,CMR,21.8,-0.822786748409271,3626.99932028578,22.4684804246848,90.6,59.8,47.0184966163208,52.9815033836792,49.6163842525015
Canada,CAN,100,1.7445410490036,46470.6466391109,4.88962759362757,100,100,18.6976988906297,81.3023011093703,4.02771072511681
Cayman Islands,CYM,100,1.14072906970978,65680.0743282085,..,100,100,0,100,262.916666666667
Central African Republic,CAF,1.7,-1.80731046199799,826.013301383169,..,30.5,13.4,59.6191288250434,40.3808711749566,7.56631513050178
Chad,TCD,2.8,-1.55941104888916,2120.08751553857,32.9931972789116,31.1,9.2,76.8880265292821,23.1119734707179,12.0033791296061
Channel Islands,CHI,100,..,..,..,100,100,67.2573740254639,32.7426259745361,827.691919191919
Chile,CHL,100,0.833843767642975,23256.5036042211,3.62139813951143,100,100,12.3693709421819,87.6306290578181,24.6093854617587
China,CHN,100,0.356383770704269,14157.2514988004,4.94033876369028,100,100,41.1600761413574,58.8399238586426,147.822641376791
Colombia,COL,92.8,-0.03696658462286,14026.8399931053,9.11458333333333,99.8,98.4,22.7963733637834,77.2036266362166,42.7557566471383
Comoros,COM,70.1,-1.6781952381134,3139.05160740465,..,92.2,76.4,69.2694981830208,30.7305018169792,398.571198280494
"Congo, Dem. Rep.",COD,1,-1.5598304271698,950.022298158597,9.6728307254623,38.6,17.3,58.2709516217089,41.7290483782911,37.0333318629938
"Congo, Rep.",COG,11.6,-1.1338357925415,4016.04908525318,46.1225871994582,62.7,45.3,36.7484683530877,63.2515316469123,15.2929311859444
Costa Rica,CRI,98.5,0.28387451171875,19201.7453233396,9.53165020124406,99.8,99.5,24.4576911914953,75.5423088085047,95.3191931061496
Cote d'Ivoire,CIV,36.7,-0.736379206180573,4530.64849808487,21.9985320331341,92,64.3,50.070008965968,49.929991034032,81.7276886792453
Croatia,HRV,100,0.422308266162872,25802.6823323622,14.0873634945398,100,100,44.2705601400192,55.7294398599808,73.3840861982703
Cuba,CUB,96.4,-0.124649152159691,..,15.2360934597712,100,99.2,23.0884170532227,76.9115829467773,108.2815455594
Curacao,CUW,100,..,23649.591653431,10.972850678733,100,100,8.6646455403795,91.3353544596205,359.603603603604
Cyprus,CYP,100,0.926266729831696,35246.90234375,5.38162471864129,100,100,33.0374395893769,66.9625604106231,133.88658008658
Czechia,CZE,100,1.00811576843262,36445.0485732064,4.89743004957448,100,100,27.0254246604377,72.9745753395623,136.851858567543
Denmark,DNK,100,1.82117700576782,51820.9521305491,6.1300674569389,100,100,12.3000030517578,87.6999969482422,143.20025
Djibouti,DJI,29.5,-1.039555311203,4431.56588556176,..,68.6,59.8,28.8507763658959,71.1492236341041,44.7650129421915
Dominica,DMA,..,0.168494433164597,12945.0029571643,..,..,97.8,29.7488394269459,70.2511605730541,92.808
Dominican Republic,DOM,95,-0.290739774703979,16282.1899127514,12.9052969502408,99.9,98.9,25.9493219264478,74.0506780735522,218.410888014904
Ecuador,ECU,96.8,-0.383570671081543,10881.4890706732,12.8107494599641,99.8,98.7,37.0086632428196,62.9913367571804,66.4565107102593
"Egypt, Arab Rep.",EGY,100,-0.536168873310089,10665.6676499685,20.5002454771495,100,100,57.4789282733775,42.5210717266225,102.109185795369
El Salvador,SLV,90.3,-0.343923270702362,8455.61614773975,13.4824071029267,98.4,96,29.6009826660156,70.3990173339844,299.266409266409
Equatorial Guinea,GNQ,4.1,-1.16436994075775,16649.4757672359,11.3018597997139,91.4,66.2,30.746730146949,69.253269853051,53.7677718360071
Eritrea,ERI,28,-1.7815113067627,..,12.6811594202899,76.7,46.9,64.4745712280273,35.5254287719727,25.8074296058691
Estonia,EST,100,1.05459797382355,31947.7769107437,5.94132632097954,100,100,31.275961821922,68.724038178078,30.2689210950081
Eswatini,SWZ,58.1,-0.542009234428406,8484.12117278345,55.9659090909091,81,63.4,76.4721118253644,23.5278881746356,66.8318023255814
Ethiopia,ETH,32.4,-0.714294850826263,1857.54946515224,20.6767515923567,85.4,42.9,80.1236381530762,19.8763618469238,94.5614799764478
Faroe Islands,FRO,100,..,54318.3039321893,..,100,100,61.6799774169922,38.3200225830078,35.432664756447
Fiji,FJI,89.3,-0.280381351709366,11765.5379892236,..,96.7,93.4,44.8265279026126,55.1734720973874,50.3101258894362
Finland,FIN,100,1.84161901473999,44562.4011072067,3.76107159998255,100,100,28.3841616571829,71.6158383428171,18.0820078312658
France,FRA,100,1.38062357902527,42880.2351355431,6.63889095553406,100,100,21.4000885294221,78.5999114705779,123.803885332591
French Polynesia,PYF,100,..,..,..,100,100,38.2255618630349,61.7744381369651,80.431575914722
Gabon,GAB,18.9,-0.832691252231598,13997.7352841911,16.5422396856582,97,88.1,11.4554116593822,88.5445883406178,8.15114681569449
"Gambia, The",GMB,30,-0.937365174293518,2012.67648180251,..,74,56.4,40.1347527513437,59.8652472486563,225.668873517787
Georgia,GEO,100,0.420896291732788,13065.294157468,6.77380335234145,100,100,42.3015967994938,57.6984032005062,65.2140557752196
Germany,DEU,100,1.66018795967102,51569.9016841199,3.96018750124914,100,100,19.1652129315275,80.8347870684725,235.712929356538
Ghana,GHA,66.6,-0.254053384065628,5011.07931572904,15.7729775518848,89.8,79.3,45.832947241726,54.167052758274,129.017939702909
Gibraltar,GIB,100,..,..,2.80373831775701,100,100,0,100,3365.8
Greece,GRC,100,0.124417319893837,27504.5497984948,7.26881957456189,100,100,22.2877011233652,77.7122988766348,83.5994647013189
Greenland,GRL,100,0.814577758312225,58908.5907729314,..,100,100,13.7738952636719,86.2261047363281,0.136888780606651
Grenada,GRD,..,-0.119182765483856,13977.5055879135,..,..,91.8,64.0293985818117,35.9706014181883,338.617647058824
Guam,GUM,100,0.217992216348648,..,..,100,100,5.920532743593,94.079467256407,304.135185185185
Guatemala,GTM,86.8,-0.654102444648743,9201.42836046353,11.5109647361234,96.7,91.8,46.3390767142957,53.6609232857043,151.817469204927
Guinea,GIN,6.7,-1.0659271478653,2255.32617992615,..,82.2,33.5,64.6899719238281,35.3100280761719,49.1332817841446
Guinea-Bissau,GNB,10.5,-1.70729947090149,1824.3730977071,..,39.7,22.9,57.413890838623,42.586109161377,65.1455547652916
Guyana,GUY,86.7,-0.283567517995834,11516.3798289577,..,95.3,89,73.5919107117101,26.4080892882899,3.8788315976632
Haiti,HTI,..,-2.17236351966858,3253.47178641614,14.9171270718232,76.4,40.4,49.912178851744,50.087821148256,387.208164005806
Honduras,HND,82.1,-0.763441383838654,5186.15897417161,32.6257103034202,99.1,91.6,45.1131585421143,54.8868414578857,84.121726695862
"Hong Kong SAR, China",HKG,100,1.80385911464691,56761.4824132224,4.66143790849673,100,100,0,100,6987.2380952381
Hungary,HUN,100,0.457127034664154,28178.9450366919,11.1779825716256,100,100,29.5266189575195,70.4733810424805,106.944499232961
Iceland,ISL,100,1.34993553161621,53480.3971946764,2.63611859838275,100,100,6.2177352905274,93.7822647094726,3.34602493765586
India,IND,85.3,0.0613894164562225,5800.48149366552,17.3912982792107,98.2,89.6,67.1349219027177,32.8650780972823,452.020992940243
Indonesia,IDN,95.1,-0.0507822521030903,10262.5951651871,8.65914117916254,99.8,97.6,46.187442779541,53.812557220459,140.945267664402
"Iran, Islamic Rep.",IRN,99.8,-0.237505525350571,15194.7855803519,11.5924232256636,100,100,26.1203899903405,73.8796100096595,51.4576905130283
Iraq,IRQ,98.8,-1.23010790348053,9079.13531769496,58.1837910024205,100,99.7,30.0876221740357,69.9123778259643,88.6135586739395
Ireland,IRL,100,1.32955777645111,73012.8198720374,6.97089471793029,100,100,37.2770600876266,62.7229399123734,69.1351720133546
Isle of Man,IMN,100,..,..,..,100,100,47.8668467830525,52.1331532169475,146.431578947368
Israel,ISR,100,1.30955588817596,38189.1610278241,3.78499440089586,100,100,8.3105376353368,91.6894623646632,394.916820702403
Italy,ITA,100,0.544244647026062,40482.562999856,6.47175144167555,100,100,30.4030767474714,69.5969232525286,203.285640373599
Jamaica,JAM,93,0.473698228597641,9948.0414677444,26.5203475080018,99.5,96.6,44.450740722385,55.549259277615,259.456602031394
Japan,JPN,100,1.78482556343079,40596.9686628995,4.25930578919986,100,100,8.54587451478579,91.4541254852142,348.631001371742
Jordan,JOR,99.5,0.11637906730175,8747.87860930851,10.4465466381853,100,100,9.43727205293,90.56272794707,112.70969813021
Kazakhstan,KAZ,100,-0.142129123210907,23023.0872293899,5.640332442736,100,100,43.2523734998333,56.7476265001667,6.80208912101345
Kenya,KEN,42.1,-0.402430564165115,3916.65315673095,19.1539136368067,84.3,53.1,68.3497479894353,31.6502520105647,84.0057771361452
Kiribati,KIR,..,-0.299970179796219,2462.83260410374,..,88.8,92.6,48.2289446997679,51.7710553002321,146.269135802469
"Korea, Dem. People's Rep.",PRK,..,-1.66307282447815,..,15.8055219080239,..,42.1,38.4318648571197,61.5681351428803,213.423519641226
"Korea, Rep.",KOR,100,1.02125263214111,41672.6278317077,3.28786139512534,100,100,18.4440758202943,81.5559241797057,525.370072521002
Kosovo,XKX,..,-0.438443809747696,9157.04630742908,..,..,..,59.2216251682198,40.7783748317802,..
Kuwait,KWT,100,-0.204460740089417,41862.1739255505,8.83498608832132,100,100,0,100,224.696745230079
Kyrgyz Republic,KGZ,99.8,-0.965182244777679,4603.75964247878,20.0196048861409,99.5,99.7,64.9484252769373,35.0515747230627,32.1967570385819
Lao PDR,LAO,84.1,-0.432250291109085,6743.01053953037,5.36402944957345,98.7,89,66.1732544466526,33.8267455533474,29.934150779896
Latvia,LVA,100,0.965538024902344,24063.4511245109,7.39414694894147,100,100,32.0692889141528,67.9307110858472,31.4901409356067
Lebanon,LBN,98.3,-0.483212560415268,18940.5901000453,10.1453009068425,100,99.8,11.164107366604,88.835892633396,618.089931573803
Lesotho,LSO,23.3,-0.878702759742737,2942.18153663921,..,66.4,35.1,64.4922049290559,35.5077950709441,70.1720026350461
Liberia,LBR,4.1,-1.31663775444031,1490.33581410026,..,31.2,17.7,48.7312689765616,51.2687310234384,49.3730066445183
Libya,LBY,..,-1.75351476669312,16961.0177111717,20.1368555060471,100,72.2,12.1839943296823,87.8160056703177,3.76923855098492
Liechtenstein,LIE,100,1.66266179084778,..,..,100,100,85.5197081312621,14.4802918687379,235.725
Lithuania,LTU,100,1.03285944461823,28698.9887868061,21.2611345522738,100,100,32.8105773925781,67.1894226074219,45.9328405861882
Luxembourg,LUX,100,1.65589165687561,113365.176082265,7.14610832954028,100,100,8.46429099473509,91.5357090052649,226.072263698018
"Macao SAR, China",MAC,100,1.14072906970978,107653.177281832,..,100,100,0,100,21393.4426229508
Madagascar,MDG,..,-1.22864735126495,1561.51962374608,5.86637696903857,67.3,22.9,70.5760533683122,29.4239466316878,44.8606943966999
Malawi,MWI,4.9,-0.795695960521698,1409.95802703533,..,42,11,84.100367061718,15.899632938282,186.229730589733
Malaysia,MYS,99.6,0.817718744277954,25285.8213541391,6.89710200434061,100,99.9,26.1411021090386,73.8588978909614,96.7575254907929
Maldives,MDV,100,-0.17816124856472,18769.5060607629,..,100,100,61.0439127682185,38.9560872317815,1477.69333333333
Mali,MLI,8.4,-1.02762377262115,2531.80496963482,..,83,38.8,73.5531413922805,26.4468586077195,15.7281152935199
Malta,MLT,100,0.920882403850555,40999.9620259653,25.2042007001167,100,100,5.51999664306641,94.4800033569336,1420.328125
Marshall Islands,MHL,86.9,-0.197998747229576,4366.25764216189,..,94.5,92.7,24.1475784698204,75.8524215301796,265.05
Mauritania,MRT,..,-0.85434877872467,4682.70259690033,..,80.5,41.2,47.0814372680054,52.9185627319946,3.96493354031241
Mauritius,MUS,99.8,1.01903390884399,21951.8307433111,5.65417488494412,99.6,99.7,60.4421106739506,39.5578893260494,632.822734101152
Mexico,MEX,98.3,0.0276105776429176,20104.5839787472,12.5028911490208,99.8,99.5,22.5594912648514,77.4405087351486,62.8881149206513
"Micronesia, Fed. Sts.",FSM,69.9,-0.0447295308113098,3340.44639346428,..,91.4,74.8,77.6785103862445,22.3214896137555,155.821428571429
Moldova,MDA,99.9,-0.693787217140198,10325.8404896126,9.90944814624978,100,99.9,60.2626762390137,39.7373237609863,97.614165825121
Monaco,MCO,100,1.80540561676025,..,..,100,100,0,100,18389.7385298471
Mongolia,MNG,74.1,-0.0960112661123276,10511.3831063141,14.4167990118228,98.6,90.8,32.0223245179021,67.9776754820979,1.98352563105577
Montenegro,MNE,98.9,0.135110005736351,18030.0907942324,17.2238140719516,99.9,99.6,35.0898307706591,64.9101692293409,46.4946468401487
Morocco,MAR,95.4,-0.193648084998131,7853.17626953125,17.5881273140226,99.3,97.8,39.0342343462821,60.9657656537179,78.4751445216222
Mozambique,MOZ,4.7,-0.946212470531464,1379.10740028691,13.1213142375737,66.2,26.2,67.6180765604766,32.3819234395234,34.7632251583204
Myanmar,MMR,39.8,-1.0119286775589,4459.53981427471,13.3404183913189,92.3,55.6,70.1870834417906,29.8129165582094,78.8867551089188
Namibia,NAM,31.6,0.193662866950035,10200.1392609733,33.2657200811359,69.3,49.7,53.8248274351216,46.1751725648784,2.96276281747622
Nauru,NRU,..,-0.0838949382305145,10281.267399011,..,99.5,99.7,0,100,557.5
Nepal,NPL,89.8,-0.893620848655701,2976.12513681451,34.3562694797411,94.5,90.7,34.7104831164447,65.2895168835553,195.015430763865
Netherlands,NLD,100,1.82028615474701,53162.2791598028,4.71786588860522,100,100,9.4196760547223,90.5803239452777,505.800831600832
New Caledonia,NCL,100,..,..,..,100,100,33.1097945341594,66.8902054658406,15.5045404814004
New Zealand,NZL,100,1.8059014081955,39988.9250855472,6.69112152707017,100,100,15.308634406,84.691365594,17.9032319319433
Nicaragua,NIC,62.3,-0.737571179866791,5882.36645219746,22.8926159878022,99.5,83.9,41.9956119217977,58.0043880782023,51.7921389396709
Niger,NER,8.8,-0.694123387336731,1188.55709229837,17.7489177489178,59.2,17,83.6101719456764,16.3898280543236,16.3304278834768
Nigeria,NGA,34,-1.12036550045013,7072.49693372311,14.4428950736376,86,59.3,43.458961206653,56.541038793347,214.591719094832
North Macedonia,MKD,100,-0.0337916128337383,16457.5652245258,17.8717356546456,99.9,100,40.6176929010109,59.3823070989891,75.5873513084853
Northern Mariana Islands,MNP,100,..,..,..,100,100,8.6009952146717,91.3990047853283,110.376086956522
Norway,NOR,100,1.83236646652222,59280.1992028829,5.1629741951933,100,100,18.3199996948242,81.6800003051758,14.3354243797401
Oman,OMN,100,0.138545840978622,33333.8635893722,9.49111942042533,100,100,22.2478637695312,77.7521362304688,14.1870016155089
Pakistan,PAK,88,-0.700057625770569,4630.7315068374,19.1004592468999,98.5,91.8,63.8402815099667,36.1597184900333,285.568271326276
Palau,PLW,100,0.1981370896101,18234.6118770397,..,100,100,19.8910664233935,80.1089335766065,38.6891304347826
Panama,PAN,78.1,0.153621435165405,30276.7088496195,13.8802131177659,99.4,92.4,34.4028444703344,65.5971555296656,54.3589584457636
Papua New Guinea,PNG,5.6,-0.73513251543045,3812.71035100798,..,66.2,13.5,86.6346348057608,13.3653651942392,19.7891577971117
Paraguay,PRY,96.1,-0.821805059909821,13329.1373366354,5.99175173668282,99.9,98.4,37.9172386791394,62.0827613208606,15.7289856531588
Peru,PER,78,-0.256282150745392,12066.5460683317,10.6587383059908,98.9,94.2,18.5807637758057,81.4192362241943,24.1144484375
Philippines,PHL,87.9,0.0184973310679197,7382.66758431792,9.12805489168144,96.6,92,48.0885251848825,51.9114748151175,357.969342992253
Poland,POL,100,0.651506066322327,28359.6927346266,5.69808263570078,100,100,39.7597715771003,60.2402284228997,124.008253045495
Portugal,PRT,100,1.14832854270935,31589.2695609552,8.12378789636825,100,100,38.8656988757277,61.1343011242723,112.716384151187
Puerto Rico (US),PRI,100,0.355337202548981,32245.8484276651,..,100,100,6.1767261995697,93.8232738004303,392.382412626832
Qatar,QAT,100,0.723663330078125,89934.66888248,5.98482520623065,100,100,1.0144734654577,98.9855265345423,215.588598781549
Romania,ROU,98.6,-0.0682618692517281,23905.1743665679,10.9441961199945,99.5,99.1,46.4471828027361,53.5528171972639,85.6322453059805
Russian Federation,RUS,100,-0.324105769395828,24012.40234375,9.83039910245258,99.1,99.4,25.6296861290757,74.3703138709243,8.85489473873823
Rwanda,RWA,19,0.0133427688851953,1866.38968530286,23.7129485179407,80,29.4,80.8786048213452,19.1213951786548,483.144831779489
Samoa,WSM,98.7,0.689992189407349,6141.45089044263,..,99.7,98.9,80.873537633251,19.126462366749,71.9077738515901
San Marino,SMR,100,1.54083681106567,53033.0563376235,..,100,100,2.90000152587891,97.0999984741211,551.683333333333
Sao Tome and Principe,STP,58.6,-0.777475357055664,3319.54261733278,..,73.7,69.4,32.4781112670898,67.5218887329102,212.176041666667
Saudi Arabia,SAU,100,0.214122653007507,49937.0668103808,7.09672698496153,100,99.9,16.870871369374,83.129128630626,14.399377584675
Senegal,SEN,44.5,-0.502697646617889,3101.12348494108,15.0325330940094,87.7,64.5,52.9446420090071,47.0553579909929,78.0892380408248
Serbia,SRB,99.9,-0.0386092476546764,16455.4261201487,12.2210360429058,100,99.9,39.6146129965974,60.3853870034026,80.7034301394923
Seychelles,SYC,100,0.521263897418976,28811.3970334958,..,100,100,56.7184367468704,43.2815632531296,205.819565217391
Sierra Leone,SLE,1.6,-1.22547876834869,2634.9252433025,..,46.9,20.3,58.770588461229,41.229411538771,99.8244389027431
Singapore,SGP,100,2.21462416648865,89901.8159165036,1.90994059252666,100,100,0,100,7908.72073342736
Sint Maarten (Dutch part),SXM,100,..,44845.106868735,..,100,100,0,100,1124.97058823529
Slovak Republic,SVK,100,0.793482840061188,29867.9803390081,4.92166715932604,100,100,46.2600672913483,53.7399327086517,112.953369384359
Slovenia,SVN,100,1.08712339401245,33575.1775435757,5.30909090909091,100,100,46.352725982666,53.647274017334,102.52417833383
Solomon Islands,SLB,54.9,-0.92722624540329,2421.18991118943,..,69.4,58.2,75.4952575600293,24.5047424399707,23.6648445873526
"Somalia, Fed. Rep.",SOM,37.3,-2.20634460449219,1468.50438474605,..,68.9,51.1,54.057157270826,45.942842729174,22.8723499218924
South Africa,ZAF,77.9,0.101402580738068,13519.3235102376,8.46656933613455,87.1,83.9,36.7249026560653,63.2750973439347,47.2014038529705
South Sudan,SSD,3.7,-2.33689188957214,..,4.58167330677291,12.1,5.3,80.9230523385623,19.0769476614377,17.1381355529885
Spain,ESP,100,1.0948657989502,37612.7188681342,9.72446146063449,100,100,20.6384044722003,79.3615955277997,92.9973717081295
Sri Lanka,LKA,97.2,-0.0275178775191307,13078.5605089072,6.97983758050966,99,97.5,81.0252320631838,18.9747679368162,342.672030762768
St. Kitts and Nevis,KNA,100,0.217992216348648,28214.709934443,..,100,100,68.7193828093831,31.2806171906169,181.057692307692
St. Lucia,LCA,100,0.0989751070737839,15306.7258058706,..,96,99.8,79.1835119999449,20.8164880000551,287.944262295082
St. Martin (French part),MAF,100,..,..,..,100,100,0,100,743.5
St. Vincent and the Grenadines,VCT,100,0.377365678548813,13493.4773120997,..,96.8,99.7,53.1883410488729,46.8116589511271,272.689743589744
Sudan,SDN,35.8,-1.55974757671356,4470.35498046875,20.9993762561508,78.9,50.5,65.8118041158787,34.1881958841213,22.0877366167024
Suriname,SUR,90.4,-0.372116714715958,14475.3069644921,11.6102978293791,98.6,95.8,33.8573533019531,66.1426466980469,3.66186375836012
Sweden,SWE,100,1.66307485103607,50289.7687144136,5.49259662842126,100,100,13,87,24.362449750883
Switzerland,CHE,100,1.97178089618683,67350.7518747757,7.06212006079027,100,100,23.3273324226229,76.6726675773771,211.931572125581
Syrian Arab Republic,SYR,78.4,-1.85192203521729,..,21.3123359580052,100,89.8,24.84599036602,75.15400963398,104.524500353973
Tajikistan,TJK,99.2,-1.0909241437912,2913.85679547445,15.9354688950789,99.3,99.3,73.6281490325928,26.3718509674072,63.8780243533396
Tanzania,TZA,17.3,-0.606901288032532,2434.69995117188,17.9347826086957,65.3,32.8,68.2422696757084,31.7577303242916,60.7631666290359
Thailand,THA,99.9,0.22570513188839,16671.2506902144,6.56760197914484,99.9,99.9,52.1198904448753,47.8801095551247,138.698821664155
Timor-Leste,TLS,67.2,-1.03911125659943,3390.76224054133,..,98.4,76.5,70.5537092371829,29.4462907628171,82.6033624747814
Togo,TGO,21,-1.11861634254456,1932.92614273869,44.4444444444444,84.4,46.8,59.8514121720261,40.1485878279739,144.480400808972
Tonga,TON,96.5,-0.325753211975098,5920.1576147281,..,98.6,97,76.8722961494079,23.1277038505921,146.561111111111
Trinidad and Tobago,TTO,100,0.247078120708466,28231.6820670092,2.68606009130481,100,100,46.0722476915049,53.9277523084951,263.917153996101
Tunisia,TUN,100,-0.206498697400093,10993.6638464522,15.4156985554096,100,100,31.9376643471752,68.0623356528248,74.2061920700309
Turkiye,TUR,100,-0.00650703674182296,26730.7599731835,12.9773913296988,100,100,11.8979041418224,88.1020958581776,103.007889505347
Turkmenistan,TKM,100,-0.912186086177826,12919.371222426,12.8298222653776,100,100,52.9772974750006,47.0227025249994,13.5340178324431
Turks and Caicos Islands,TCA,100,..,29780.5785774422,..,100,100,7.8533095515448,92.1466904484552,40.3315789473684
Tuvalu,TUV,93.8,-0.923577785491943,4030.86241535456,..,99.6,97.3,40.5255231651715,59.4744768348285,364.333333333333
Uganda,UGA,17.7,-0.632310152053833,2165.29759404413,19.800942902043,57.5,26.7,74.3046432865902,25.6953567134098,193.49267903451
Ukraine,UKR,100,-0.609457552433014,10864.6572265625,10.1025077017494,100,100,30.7897758390911,69.2102241609089,78.7461064406429
United Arab Emirates,ARE,100,1.4101870059967,69986.9835675887,6.00788501153434,100,100,15.4906008330016,84.5093991669984,125.8109687412
United Kingdom,GBR,100,1.57377743721008,44085.2025586772,7.80735724070856,100,100,17.9770008301705,82.0229991698295,271.18174678626
United States,USA,100,1.44050490856171,57976.628204291,5.43278425594592,100,100,19.5023354675869,80.4976645324131,35.4584505795077
Uruguay,URY,100,0.504967212677002,22840.5507069805,11.5833453392883,99.8,99.7,4.8414575044315,95.1585424955685,19.3079819449206
Uzbekistan,UZB,99.9,-0.661517918109894,6919.29475621804,15.5014731679071,100,99.9,49.3427810668945,50.6572189331055,71.0059170523229
Vanuatu,VUT,46.6,-0.958185076713562,3029.80923948413,..,91.4,57.8,75.1345124357127,24.8654875642873,22.3205086136177
"Venezuela, RB",VEN,94.9,-1.27398240566254,..,31.0589084983055,100,99.4,11.0085571621288,88.9914428378712,34.8797913950456
Viet Nam,VNM,98.8,-0.0174771249294281,8374.50684516118,7.56285291558841,100,99.2,67.1523810714864,32.8476189285136,299.948999160782
Virgin Islands (U.S.),VIR,100,1.27626776695251,33470.5904765526,..,100,100,5.00589061251711,94.9941093874829,307.188571428571
West Bank and Gaza,PSE,100,-0.668761432170868,6062.23274844577,..,100,100,14.6622609293649,85.3377390706351,725.429900332226
"Yemen, Rep.",YEM,55.6,-1.90716934204102,..,24.260108378491,93,68.9,67.0487991994764,32.9512008005236,60.8159743924844
Zambia,ZMB,9.9,-0.737501263618469,3313.35121570029,16.6950161592107,69.9,35.4,57.6557523110838,42.3442476889162,22.7530946071376
Zimbabwe,ZWE,21.9,-1.25887811183929,4275.4493505094,22.4261661606404,85.5,42.5,65.9200539273686,34.0799460726314,37.7414863642239
,,,,,,,,,,
,,,,,,,,,,
,,,,,,,,,,
Data from database: World Development Indicators,,,,,,,,,,
Last Updated: 02/24/2026,,,,,,,,,,
